{"cameraMode":{"drawMode":0,"name":"Shaded","section":"Shading Mode"},"sceneLighting":true,"audioPlay":false,"sceneViewState":{"m_AlwaysRefresh":false,"showFog":true,"showSkybox":true,"showFlares":true,"showImageEffects":true,"showParticleSystems":true,"showVisualEffectGraphs":true,"m_FxEnabled":true},"in2DMode":false,"pivot":{"x":-0.7387018203735352,"y":0.0648394301533699,"z":0.5287452936172485},"rotation":{"x":0.0029469942674040796,"y":0.9965575337409973,"z":-0.07218640297651291,"w":0.04068293794989586},"size":1.0932130813598633,"orthographic":false}