{"cameraMode":{"drawMode":0,"name":"Shaded","section":"Shading Mode"},"sceneLighting":true,"audioPlay":false,"sceneViewState":{"m_AlwaysRefresh":false,"showFog":true,"showSkybox":true,"showFlares":true,"showImageEffects":true,"showParticleSystems":true,"showVisualEffectGraphs":true,"m_FxEnabled":true},"in2DMode":false,"pivot":{"x":-1.3198069334030152,"y":0.5647178888320923,"z":1.9592329263687134},"rotation":{"x":-0.010986866429448128,"y":0.9827405214309692,"z":-0.06230616569519043,"w":-0.17396102845668794},"size":1.0103306770324708,"orthographic":false}