{"cameraMode":{"drawMode":0,"name":"Shaded","section":"Shading Mode"},"sceneLighting":true,"audioPlay":false,"sceneViewState":{"m_AlwaysRefresh":false,"showFog":true,"showSkybox":true,"showFlares":true,"showImageEffects":true,"showParticleSystems":true,"showVisualEffectGraphs":true,"m_FxEnabled":true},"in2DMode":false,"pivot":{"x":-0.5827944278717041,"y":0.1260436475276947,"z":2.2455270290374758},"rotation":{"x":-0.004154742229729891,"y":-0.8041675090789795,"z":-0.0058743758127093319,"w":0.5945122241973877},"size":0.38420194387435915,"orthographic":false}