{"cameraMode":{"drawMode":0,"name":"Shaded","section":"Shading Mode"},"sceneLighting":true,"audioPlay":false,"sceneViewState":{"m_AlwaysRefresh":false,"showFog":true,"showSkybox":true,"showFlares":true,"showImageEffects":true,"showParticleSystems":true,"showVisualEffectGraphs":true,"m_FxEnabled":true},"in2DMode":false,"pivot":{"x":177.29898071289063,"y":309.5057678222656,"z":-64.15016174316406},"rotation":{"x":0.022183964028954507,"y":-0.02189614064991474,"z":-0.00048691744450479746,"w":-0.9995229840278626},"size":133.93170166015626,"orthographic":false}