{"cameraMode":{"drawMode":0,"name":"Shaded","section":"Shading Mode"},"sceneLighting":true,"audioPlay":false,"sceneViewState":{"m_AlwaysRefresh":false,"showFog":true,"showSkybox":true,"showFlares":true,"showImageEffects":true,"showParticleSystems":true,"showVisualEffectGraphs":true,"m_FxEnabled":true},"in2DMode":false,"pivot":{"x":-1.191238284111023,"y":-0.1634509563446045,"z":1.185624122619629},"rotation":{"x":-0.009942319244146347,"y":0.9598053693771362,"z":-0.27839744091033938,"w":-0.03427908197045326},"size":1.3932130336761475,"orthographic":false}