{"cameraMode":{"drawMode":0,"name":"Shaded","section":"Shading Mode"},"sceneLighting":true,"audioPlay":false,"sceneViewState":{"m_AlwaysRefresh":false,"showFog":true,"showSkybox":true,"showFlares":true,"showImageEffects":true,"showParticleSystems":true,"showVisualEffectGraphs":true,"m_FxEnabled":true},"in2DMode":false,"pivot":{"x":-1.0777091979980469,"y":0.8255316019058228,"z":2.402804374694824},"rotation":{"x":0.0008468833984807134,"y":-0.9993277788162231,"z":-0.031179159879684449,"w":-0.023373806849122049},"size":0.41444170475006106,"orthographic":false}